{"cameraMode":{"drawMode":0,"name":"Shaded","section":"Shading Mode"},"sceneLighting":true,"audioPlay":false,"sceneViewState":{"showFog":true,"showMaterialUpdate":true,"showSkybox":true,"showFlares":true,"showImageEffects":true,"showParticleSystems":true},"in2DMode":false,"pivot":{"x":0.5070000886917114,"y":3.546999931335449,"z":-0.04999994486570358},"rotation":{"x":0.012234006077051163,"y":0.9876993298530579,"z":-0.11609098315238953,"w":0.10409120470285416},"size":3.046410083770752,"orthographic":false}