{"cameraMode":{"drawMode":0,"name":"Shaded","section":"Shading Mode"},"sceneLighting":true,"audioPlay":false,"sceneViewState":{"showFog":true,"showMaterialUpdate":true,"showSkybox":true,"showFlares":true,"showImageEffects":true,"showParticleSystems":true},"in2DMode":false,"pivot":{"x":1.411865234375,"y":5.987884521484375,"z":-0.2900390625},"rotation":{"x":0.002639259910210967,"y":0.9918597340583801,"z":-0.020831802859902383,"w":0.1256399303674698},"size":5.432633399963379,"orthographic":true}